ID,Resort,Latitude,Longitude,Country,Continent,Season,Lift capacity,Child friendly,Snowparks,Nightskiing,Summer skiing
1,Hemsedal,60.9282437,8.38348693,Norway,Europe,November - May,22921,Yes,Yes,Yes,No
2,Geilosiden Geilo,60.5345261,8.2063719,Norway,Europe,November - April,14225,Yes,Yes,Yes,No
3,Golm,47.05781,9.8281668,Austria,Europe,December - April,16240,Yes,No,No,No
4,Red Mountain Resort-Rossland,49.1055201,-117.8462801,Canada,North America,December - April,9200,Yes,Yes,Yes,No
5,Hafjell,61.2303686,10.52901357,Norway,Europe,November - April,21060,Yes,Yes,Yes,No
6,Voss,60.6837065,6.407904807,Norway,Europe,November - May,11900,Yes,Yes,No,No
7,Porter,-39.67098835,176.8766681,New Zealand,Oceania,June - September,5600,No,No,No,Yes
8,Nevados de Chilla?n,-36.613844,-72.0718055,Chile,South America,June - October,11080,Yes,Yes,No,Yes
9,Hochschwarzeck,47.6283728,12.9205276,Germany,Europe,December - April,2880,Yes,No,No,No
10,Rossfeld - Berchtesgaden - Oberau,47.6513062,13.0589774,Germany,Europe,December - April,3229,Yes,Yes,Yes,No
11,Fernie,49.5041747,-115.062867,Canada,North America,December - April,14514,Yes,Yes,No,No
12,Sun Peaks,50.8844684,-119.8823295,Canada,North America,November - April,13895,Yes,Yes,Yes,No
13,Panorama,50.7369988,-119.1205606,Canada,North America,December - April,11890,Yes,Yes,Yes,No
14,Brauneck Lenggries ?Wegscheid,47.674786,11.554735,Germany,Europe,December - April,19100,Yes,No,Yes,No
15,Zermatt - Matterhorn,45.96300885,7.715412186,Switzerland,Europe,Year-round,93464,Yes,Yes,No,Yes
16,Treble Cone,-44.6323751,168.8728247,New Zealand,Oceania,June - October,4520,No,Yes,No,Yes
17,Val Gardena,46.5766427,11.6444217,Italy,Europe,December - April,121914,Yes,Yes,No,No
18,Gressoney - La-Trinite (Monterosa Ski),45.8597574,7.752615678,Italy,Europe,December - April,31984,Yes,Yes,No,No
19,Les Gets (Les Portes du Soleil),46.1550977,6.6633312,France,Europe,December - April,252280,Yes,Yes,Yes,No
20,Espace San Bernardo – La Rosière/?La Thuile,45.62647605,6.852962415,France,Europe,December - April,53669,Yes,Yes,No,No
21,The Lecht,57.200996,-3.247204,United Kingdom,Europe,December - April,9750,No,Yes,Yes,No
22,Steamboat,35.7540215,-109.8537507,United States,North America,November - April,32720,Yes,Yes,Yes,No
23,Howelsen Hill-Steamboat Springs,40.4805325,-106.8406049,United States,North America,November - April,2220,No,No,No,No
24,Les Contamines-?Hauteluce,45.7970821,6.689198693,France,Europe,December - April,33972,Yes,No,Yes,No
25,Crested Butte,38.8698201,-106.984043,United States,North America,November - April,19717,Yes,Yes,No,No
26,Jackson Hole,34.641109,-98.67619161,United States,North America,December - April,20480,Yes,Yes,No,No
27,Park City,40.6460921,-111.4979963,United States,North America,November - April,76110,Yes,Yes,Yes,No
28,Nevis Range,56.8522081,-4.9987681,United Kingdom,Europe,December - April,10350,Yes,No,No,No
29,Arapahoe Basin,40.1211211,-80.6698426,United States,North America,October - June,7200,Yes,Yes,No,No
30,The Remarkables,-45.0549597,168.8158586,New Zealand,Oceania,June - October,8400,Yes,Yes,No,Yes
31,Valchiavenna – Madesimo/?Campodolcino,46.4254637,9.389833451,Italy,Europe,November - April,26060,Yes,Yes,Yes,No
32,La Thuile / La Rosière - Espace San Bernardo,45.7162875,6.9486119,Italy,Europe,December - April,53669,Yes,Yes,No,No
33,Livigno – Carosello/?Mottolino,46.5200926,10.1289555,Italy,Europe,November - May,50850,Yes,Yes,Yes,No
34,Madonna di Campiglio-?Pinzolo-?Folga?rida-?Marilleva,46.2269942,10.8270157,Italy,Europe,November - April,102340,Yes,Yes,Yes,No
35,Wagrain (Ski amedé),47.3336293,13.3031532,Austria,Europe,November - April,75398,Yes,Yes,No,No
36,Kaunertal Glacier (Kaunertaler Gletscher),46.8774734,10.7136205,Austria,Europe,September - June,13200,Yes,No,No,No
37,Saalbach Hinterglemm Leogang Fieberbrunn (Skicircus),47.392906,12.636085,Austria,Europe,November - April,135104,Yes,Yes,Yes,No
38,Sestriere ski resort (Via Lattea),44.954538,6.880658,Italy,Europe,November - April,96433,Yes,No,Yes,No
39,Reither Kogel-Reith im Alpbachtal,47.4005419,11.8601176,Austria,Europe,December - March,4070,Yes,No,Yes,No
40,Kicking Horse - Golden,51.2937094,-116.9624651,Canada,North America,December - April,5250,Yes,No,No,No
41,Grandvalira – Pas de la Casa/?Grau Roig/?Soldeu/?El Tarter/?Canillo/?Encamp,42.54115005,1.733382094,Andorra,Europe,November - April,99017,Yes,Yes,Yes,No
42,Rinerhorn (Davos Klosters),46.74122595,9.798008893,Switzerland,Europe,December - March,6900,Yes,Yes,No,No
43,Madrisa (Davos Klosters),46.9097225,9.877450678,Switzerland,Europe,December - March,6640,Yes,Yes,No,No
44,Jakobshorn (Davos Klosters),46.772399,9.8493406,Switzerland,Europe,December - April,15800,Yes,Yes,No,No
45,Les Diablerets,46.3511021,7.1566435,Switzerland,Europe,October - May,10260,Yes,Yes,No,No
46,Big White,49.715991,-118.933872,Canada,North America,November - April,22625,Yes,Yes,Yes,No
47,Obergurgl-Hochgurgl,46.879426,11.0387065,Austria,Europe,November - May,38861,Yes,Yes,Yes,No
48,Coronet Peak,-44.9158907,168.7395712,New Zealand,Oceania,June - October,7200,Yes,Yes,Yes,Yes
49,Les Deux alpes,45.0099949,6.1237609,France,Europe,June - April,72334,Yes,Yes,Yes,Yes
50,Valle Nevado,-33.352964,-70.2486776,Chile,South America,June - October,15930,Yes,Yes,No,Yes
51,Ben Lomond,-30.0237148,151.6591787,Australia,Oceania,July - September,0,Yes,No,No,Yes
52,Portillo,-32.8364183,-70.1290835,Chile,South America,June - October,9900,Yes,No,No,Yes
53,Catedral Alta Patagonia,-41.16556,-71.444171,Argentina,South America,June - October,35130,Yes,Yes,No,Yes
54,Whistler,50.1171903,-122.9543022,Canada,North America,November - May - June - August,59203,Yes,Yes,No,Yes
55,Stubai Glacier,46.995462,11.14049,Austria,Europe,September - June,39784,Yes,Yes,No,No
56,Fonna Glacier,60.2168823,6.435787158,Norway,Europe,May - September,1200,Yes,Yes,No,Yes
57,Tignes - ?Val d'Ise?re,45.4580331,6.918835739,France,Europe,November - May - June - August,145461,Yes,Yes,No,Yes
58,La Plagne (Paradiski),45.50429855,6.704912253,France,Europe,December - April,136733,Yes,Yes,No,No
59,Les Orres,44.5140024,6.5510313,France,Europe,December - April,21020,Yes,Yes,No,No
60,Espace Diamant-Les Saisies/?Notre-Dame-de-Bellecombe/?Praz sur Arly/?Flumet/?Crest-Voland,45.78908,6.554098,France,Europe,December - April,90852,Yes,Yes,Yes,No
61,Avoriaz (Les Portes du Soleil),46.1925439,6.7702857,France,Europe,December - April,252280,Yes,Yes,Yes,No
62,Cha?tel (Les Portes du Soleil),46.255039,6.843619,France,Europe,December - April,252280,Yes,Yes,Yes,No
63,Le Lys - Cauterets,42.8823131,-0.1553793,France,Europe,November - April,13038,Yes,Yes,No,No
64,Pont d'Espagne - Cauterets,42.8510114,-0.1399209,France,Europe,November - April,4150,Yes,No,No,No
65,La Grave - La Meije,45.0454525,6.3067223,France,Europe,December - April,1460,Yes,No,No,No
66,Courchevel ,45.4140984,6.6349892,France,Europe,November - May,250860,Yes,Yes,Yes,No
67,Saint Martin de Belleville,45.3503871,6.500076137,France,Europe,November - May,250860,Yes,Yes,Yes,No
68,Alpe d'Huez,45.092401,6.0699443,France,Europe,December - April,92097,Yes,Yes,Yes,No
69,La Tania-Val Thorens/?Les Menuires/?Me?ribel,45.432169,6.5963993,France,Europe,November - May,250860,Yes,Yes,Yes,No
70,Sainte-Foy-Tarentaise,45.590355,6.8849094,France,Europe,December - April,7100,Yes,No,No,No
71,Les Arcs /? Peisey-Vallandry (Paradiski),43.4629097,6.4786269,France,Europe,December - April,82641,Yes,Yes,Yes,No
72,Montgene?vre (Via Lattea),44.929277,6.729726,France,Europe,November - April,96433,Yes,No,Yes,No
73,Bonneval sur Arc,45.3716864,7.0467945,France,Europe,December - April,8213,Yes,No,No,No
74,Val Thorens,45.2979109,6.5822693,France,Europe,November - May,250860,Yes,Yes,Yes,No
75,Serre Chevalier-Brianc?on/?Chantemerle/?Villeneuve-la-Salle/?Le Mone?tier-les-Bains,44.9107381,6.5500282,France,Europe,December - April,72066,Yes,Yes,Yes,No
76,Kleine Scheidegg / ?Ma?nnlichen-Grindelwald / ?Wengen,46.5850987,7.9608968,Switzerland,Europe,November - April,29250,Yes,No,No,No
77,Balme-?Les Autannes-Vallorcine-?Le Tour,46.2856827,4.7804099,France,Europe,December - April,14860,Yes,Yes,No,No
78,Grands Montets-Argentie?re (Chamonix),45.9777193,6.9238925,France,Europe,December - May,15756,Yes,Yes,No,No
79,Winter Park Resort,39.87161425,-105.7827088,United States,North America,November - April,41130,Yes,Yes,No,No
80,Arcali?s-Ordino (Vallnord),42.6271621,1.491260579,Andorra,Europe,November - April,14240,Yes,Yes,No,No
81,Ruka,66.1702656,29.1311291,Finland,Europe,October - June,22915,Yes,Yes,Yes,No
82,Levi,67.7844055,24.8557289,Finland,Europe,November - May,30110,Yes,Yes,Yes,No
83,Niseko,42.804684,140.6873034,Japan,Asia,November - May,42400,Yes,Yes,Yes,No
84,Kranjska Gora,46.485132,13.7843957,Slovenia,Europe,December - April,17774,Yes,Yes,Yes,No
85,El Tarter – Pas de la Casa/?Grau Roig/?Soldeu/?Canillo/?Encamp (Grandvalira),42.5803334,1.6496963,Andorra,Europe,November - April,99017,Yes,Yes,Yes,No
86,Bansko,41.8344086,23.4841698,Bulgaria,Europe,December - April,24233,Yes,Yes,Yes,No
87,Alta,42.6736893,-95.3039943,United States,North America,November - April,13100,Yes,No,Yes,No
88,Aspen Mountain,39.1760986,-106.8292058,United States,North America,November - April,13400,Yes,No,No,No
89,Aspen Highlands,61.103269,-149.7406566,United States,North America,December - April,7085,Yes,No,No,No
90,Squaw Valley,36.7402261,-119.246785,United States,North America,November - April,42932,Yes,Yes,Yes,No
91,Vail,39.6440207,-106.3801669,United States,North America,November - April,54858,Yes,Yes,No,No
92,Kitzsteinhorn - Kaprun,47.1880444,12.6874982,Austria,Europe,July,33598,Yes,Yes,No,Yes
93,Snowbasin,41.216317,-111.857428,United States,North America,November - April,17026,Yes,Yes,No,No
94,Beaver Creek,39.6048786,-106.5150017,United States,North America,November - April,38200,Yes,Yes,No,No
95,Glencoe Mountain,56.68154175,-5.10644312,United Kingdom,Europe,December - April,5800,Yes,No,No,No
96,Sölden,46.9673961,11.0070193,Austria,Europe,September - May,70370,Yes,Yes,Yes,No
97,Kuühtai,47.212049,11.017326,Austria,Europe,November - April,17254,Yes,Yes,Yes,No
98,Breckenridge,32.7558392,-98.9032554,United States,North America,November - April,43880,Yes,Yes,No,No
99,Obertauern,47.2494362,13.5569603,Austria,Europe,November - May,50797,Yes,Yes,Yes,No
100,Elfer Neustift,47.1064691,11.3079828,Austria,Europe,December - March,2980,Yes,No,No,No
101,Serfaus-Fiss-Ladis,47.0530324,10.61913705,Austria,Europe,December - April,78460,Yes,Yes,Yes,No
102,Hochko?nig-Maria Alm/?Dienten/?Mu?hlbach,47.38650655,12.95641323,Austria,Europe,December - April,49232,Yes,Yes,Yes,No
103,Mayrhofen-Penken/?Ahorn/?Rastkogel/?Eggalm,47.1672188,11.8638664,Austria,Europe,December - April,82432,Yes,Yes,No,No
104,St - Anton (Ski Arlberg),47.18265425,10.14043361,Austria,Europe,December - April,145127,Yes,Yes,No,No
105,Axamer Lizum,47.1943801,11.3030187,Austria,Europe,November - April,13322,Yes,Yes,No,No
106,Flachau (Ski amedé),47.3438501,13.3922888,Austria,Europe,November - April,75398,Yes,Yes,No,No
107,Ski Juwel Alpbachtal Wildscho?nau,47.395203,11.92651,Austria,Europe,December - April,52789,Yes,Yes,Yes,No
108,Ischgl,46.9862824,10.27451769,Austria,Europe,November - May,88215,Yes,Yes,No,No
109,Bad Gastein,47.1144954,13.1352653,Austria,Europe,November - April,32699,Yes,Yes,No,No
110,Gargellen,46.9721035,9.9187223,Austria,Europe,December - April,10650,Yes,Yes,No,No
111,Lech (Ski Arlberg),47.18265425,10.14043361,Austria,Europe,December - April,145127,Yes,Yes,No,No
112,Kitzbühel / Kirchberg (KitzSki),47.4463585,12.3911473,Austria,Europe,October - April,92510,Yes,Yes,Yes,No
113,Galtu?r,46.9194554,10.17059035,Austria,Europe,December - April,15442,Yes,Yes,Yes,No
114,Fieberbrunn - Saalbach Hinterglemm Leogang (Skicircus),47.45518755,12.54442426,Austria,Europe,November - April,135104,Yes,Yes,Yes,No
115,Schladming,47.3940415,13.6867878,Austria,Europe,April,71842,Yes,Yes,Yes,No
116,Ellmau (SkiWelt Wilder Kaiser-Brixental),47.51927245,12.29224775,Austria,Europe,December - April,147250,Yes,Yes,Yes,No
117,Zauchensee,47.2933062,13.4568962,Austria,Europe,April,25988,Yes,Yes,No,No
118,Westendorf (SkiWelt Wilder Kaiser-Brixental),47.3831879,12.22174856,Austria,Europe,December - April,147250,Yes,Yes,Yes,No
119,Silvretta Montafon,47.03503335,9.976778589,Austria,Europe,November - April,67472,Yes,Yes,No,No
120,Zürs (Ski Arlberg),47.194717,10.160198,Austria,Europe,December - April,145127,Yes,Yes,No,No
121,Söll (SkiWelt Wilder Kaiser-Brixental),47.503178,12.190132,Austria,Europe,December - April,147250,Yes,Yes,Yes,No
122,St - Johann in Tirol,47.5224141,12.4286809,Austria,Europe,December - April,21100,Yes,No,Yes,No
123,St - Christoph (Ski Arlberg),47.022264,15.4708255,Austria,Europe,December - April,145127,Yes,Yes,No,No
124,Courmayeur / Che?crouit -? Val Veny,45.7874248,6.9730618,Italy,Europe,Unknown,24497,Yes,Yes,No,No
125,Sierra Nevada-Pradollano,37.0957512,-3.387885004,Spain,Europe,November - May,59205,Yes,Yes,Yes,No
126,Cortina d'Ampezzo,46.5383332,12.1373506,Italy,Europe,November - April,48089,Yes,Yes,No,No
127,Val Senales Glacier,46.7699617,10.7974224,Italy,Europe,October - May,15838,Yes,Yes,No,No
128,Saas-Fee,46.107342,7.9247055,Switzerland,Europe,July - April,25160,Yes,Yes,No,Yes
129,Champoluc (Monterosa Ski),45.8366951,7.731371649,Italy,Europe,December - April,31984,Yes,Yes,No,No
130,Kronplatz (Plan de Corones),46.7387791,11.9583111,Italy,Europe,November - April,71205,Yes,Yes,Yes,No
131,Formigal,42.7741349,-0.3608611,Spain,Europe,November - April,29450,Yes,Yes,No,No
132,Baqueira / ?Beret,42.6988865,0.9347175,Spain,Europe,December - April,53997,Yes,Yes,No,No
133,Sauze d’Oulx (Via Lattea),45.0259571,6.8602827,Italy,Europe,November - April,96433,Yes,No,Yes,No
134,Cervinia,45.96300885,7.715412186,Switzerland,Europe,Year-round,93464,Yes,Yes,No,Yes
135,Wasserngrat (Gstaad),46.4643909,7.3169684,Switzerland,Europe,December - March,900,Yes,No,No,No
136,Wispile (Gstaad),46.4518335,7.296177853,Switzerland,Europe,December - March,3601,Yes,No,Yes,No
137,Crans-Montana,46.3304899,7.526435804,Switzerland,Europe,November - April,29500,Yes,Yes,No,No
138,Brunni - Engelberg,46.84087305,8.410638259,Switzerland,Europe,December - April,2577,Yes,No,No,No
139,Arosa Lenzerheide,46.7548885,9.566024408,Switzerland,Europe,October - April,63936,Yes,Yes,Yes,No
140,Verbier,46.1003545,7.276506393,Switzerland,Europe,December - April,85022,Yes,Yes,Yes,No
141,St - Moritz - Corviglia,46.5079945,9.818959,Switzerland,Europe,November - April,31220,Yes,Yes,No,No
142,Gresse en Vercors,44.9011374,5.5662216,France,Europe,December - March,6808,Yes,Yes,No,No
143,Nendaz,46.1003545,7.276506393,Switzerland,Europe,December - April,85022,Yes,Yes,Yes,No
144,Villars -? Gryon / Les Diablerets,46.3289335,7.1096087,Switzerland,Europe,December - April,38905,Yes,Yes,No,No
145,Thyon,46.1003545,7.276506393,Switzerland,Europe,December - April,85022,Yes,Yes,Yes,No
146,Veysonnaz,46.1003545,7.276506393,Switzerland,Europe,December - April,85022,Yes,Yes,Yes,No
147,Buchenberg-Buching-Halblech-,47.606423,10.8106751,Germany,Europe,December - March,2800,Yes,No,No,No
148,Alpendorf (Ski amedé),47.3225067,13.1954241,Austria,Europe,November - April,75398,Yes,Yes,No,No
149,Me?ribel,45.39139,6.574283,France,Europe,November - May,250860,Yes,Yes,Yes,No
150,?Les Menuires,45.322108,6.537697,France,Europe,November - May,250860,Yes,Yes,Yes,No
151,Les Sybelles-Le Corbier-?La Toussuire-?Les Bottie?res-?St Colomban des Villards-?St Sorlin-?St Jean d’Arves,45.25492475,6.248865708,France,Europe,December - April,83807,Yes,Yes,Yes,No
152,Le Grand Massif-Flaine-?Les Carroz-?Morillon-?Samoe?ns-?Sixt,46.0298218,6.695615648,France,Europe,December - April,97624,Yes,Yes,No,No
153,Mege?ve-?Saint-Gervais,45.845128,6.685666167,France,Europe,December - April,106362,Yes,Yes,Yes,No
154,Big Sky Resort,45.2839783,-111.401115,United States,North America,November - April,36283,Yes,Yes,No,No
155,Snowmass,39.3316513,-106.986156,United States,North America,November - April,27765,Yes,Yes,Yes,No
156,Soldeu-Pas de la Casa/?Grau Roig/?El Tarter/?Canillo/?Encamp (Grandvalira),42.5768944,1.6682694,Andorra,Europe,November - April,99017,Yes,Yes,Yes,No
157,Laax-?Flims-?Falera,46.849618,9.217180661,Switzerland,Europe,October - April,46116,Yes,Yes,No,No
158,Vars-?Risoul-La Fore?t Blanche,47.5343201,5.5342065,France,Europe,December - April,50145,Yes,Yes,Yes,No
159,Le Grand Domaine-Valmorel-?Doucy-?Celliers-?St Franc?ois Longchamp,48.618833,-2.2673293,France,Europe,December - April,60248,Yes,Yes,No,No
160,Galibier Thabor-Valmeinier-?Valloire,45.1604887,6.464502618,France,Europe,December - April,43300,Yes,Yes,Yes,No
161,Zillertal Arena-Zell am Ziller-?Gerlos-?Ko?nigsleiten-?Hochkrimml,47.24372605,12.03918599,Austria,Europe,December - April,89415,Yes,Yes,No,No
162,La Molina,42.3427392,1.9562059,Spain,Europe,November - April,39750,Yes,Yes,Yes,No
163,Lake Louise,51.4249668,-116.177535,Canada,North America,November - May,14040,Yes,Yes,No,No
164,Auron-Saint-Etienne-de-Tine?e-,44.2262702,6.9309839,France,Europe,December - April,25030,Yes,Yes,No,No
165,Powder Mountain,48.8773577,-120.7676146,United States,North America,November - April,13470,Yes,Yes,Yes,No
166,Keystone,41.9988889,-92.1979353,United States,North America,November - April,30500,Yes,Yes,Yes,No
167,Alta Badia,46.56467025,11.91021932,Italy,Europe,December - April,89327,Yes,Yes,No,No
168,Killington,43.67433,-72.7784445,United States,North America,November - May,41660,Yes,Yes,No,No
169,Copper Mountain,37.4781086,-90.3856733,United States,North America,November - April,29084,Yes,Yes,No,No
170,La Clusaz-?Manigod,45.883562,6.419691113,France,Europe,December - April,59346,Yes,Yes,Yes,No
171,Espace Villard Correnc?on-Villard-de-Lans-?Correnc?on-en-Vercors,45.044532,5.559564,France,Europe,December - April,26600,Yes,Yes,No,No
172,Val Cenis-Lanslevillard-?Lanslebourg-?Termignon,45.2768658,6.8170409,France,Europe,December - April,39824,Yes,Yes,Yes,No
173,Isola,44.1869246,7.145441205,France,Europe,December - April,21807,Yes,Yes,Yes,No
174,Obersaxen-?Mundaun-?Val Lumnezia,46.7487613,9.1022712,Switzerland,Europe,December - April,20720,Yes,Yes,Yes,No
175,Laux-Prapoutel-?Le Pleynet-?Pipay,45.2602174,6.033591377,France,Europe,December - April,32232,Yes,Yes,No,No
176,Corvatsch-?Furtschellas,46.4450516,9.819511761,Switzerland,Europe,November - May,18510,Yes,Yes,Yes,No
177,Sugarloaf,38.3481772,-76.0335483,United States,North America,November - April,20720,Yes,Yes,No,No
178,Silver Star,45.015082,-75.6437706,Canada,North America,November - April,12000,Yes,Yes,Yes,No
179,Taos,36.4072377,-105.573284,United States,North America,November - April,17000,Yes,Yes,No,No
180,Nassfeld-Hermagor,46.58465625,13.24612886,Austria,Europe,December - April,49386,Yes,Yes,Yes,No
181,Sunshine Village,51.08952535,-115.7622016,Canada,North America,November - May,20950,Yes,Yes,No,No
182,Mondole? Ski-Artesina-?Frabosa Soprana-?Prato Nevoso,44.249446,7.775081,Italy,Europe,Unknown,26068,Yes,Yes,Yes,No
183,Aletsch Arena-Riederalp-?Bettmeralp-?Fiesch Eggishorn,46.3895305,8.0609271,Switzerland,Europe,December - April,41109,Yes,Yes,Yes,No
184,Bad Kleinkirchheim-?St - Oswald,46.8442215,13.7662406,Austria,Europe,December - April,31186,Yes,Yes,Yes,No
185,Snowbird,40.5807546,-111.6572955,United States,North America,November - May,17900,Yes,Yes,Yes,No
186,Bardonecchia,45.078339,6.703205,Italy,Europe,December - April,27588,Yes,Yes,No,No
187,Saint-Lary-Soulan,42.816936,0.3219538,France,Europe,December - April,38733,Yes,Yes,Yes,No
188,Orcie?res MerletteS,44.6972064,6.3235516,France,Europe,December - April,29605,Yes,Yes,No,No
189,De?voluy-Superde?voluy-?La Joue du Loup,44.68440895,5.898484198,France,Europe,December - April,27646,Yes,Yes,No,No
190,Grand Tourmalet-?Pic du Midi-La Mongie-?Bare?ges,42.9087613,0.1674113,France,Europe,November - April,40231,Yes,Yes,No,No
191,Mt - Rose,40.369273,-74.7390499,United States,North America,November - April,15000,Yes,Yes,No,No
192,Mt - Buller,-37.2694615,146.4008688,Australia,Oceania,May - October,33600,Yes,Yes,Yes,Yes
193,Mt - Baker,48.7767701,-121.814566,United States,North America,November - May,15500,Yes,Yes,No,No
194,Alpine Meadows,39.1785177,-120.2276948,United States,North America,November - April,16200,Yes,Yes,No,No
195,Deer Valley,48.1815678,-117.3007731,United States,North America,December - April,46600,Yes,No,No,No
196,Perisher,-36.3961667,148.408582,Australia,Oceania,June - October,46975,Yes,Yes,Yes,Yes
197,Wolf Creek,42.6955158,-123.3952995,United States,North America,November - April,11200,Yes,No,No,No
198,Wenatchee-Mission Ridge,47.4234599,-120.310349,United States,North America,November - April,4910,Yes,No,Yes,No
199,Mt - Bachelor,43.9792818,-121.688365,United States,North America,November - May,25900,Yes,Yes,No,No
200,Northstar California Resort,39.274701,-120.12192,United States,North America,November - April,28002,Yes,Yes,No,No
201,Parsenn (Davos Klosters),46.842102,9.835342208,Switzerland,Europe,November - April,26795,Yes,Yes,No,No
202,Schweitzer Mountain Resort,48.368467,-116.623291,United States,North America,November - April,14200,Yes,Yes,Yes,No
203,Heavenly,33.741419,-117.7555797,United States,North America,November - April,42790,Yes,Yes,No,No
204,Castle Mountain,51.3065203,-115.9455963,Canada,North America,December - April,6100,Yes,Yes,No,No
205,Oberau (Wildscho?nau),47.4234974,12.0307428,Austria,Europe,December - March,1932,Yes,No,No,No
206,Loveland,40.3977612,-105.0749801,United States,North America,October - May,13000,Yes,Yes,No,No
207,Stratton,43.0428562,-72.9109334,United States,North America,November - April,26900,Yes,Yes,Yes,No
208,Falls Creek,-36.878683,147.2441791,Australia,Oceania,June - September,19992,Yes,Yes,Yes,Yes
209,Bald Mountain-Sun Valley,43.6829549,-114.4019636,United States,North America,December - April,24500,Yes,No,No,No
210,Åre,63.4010888,13.0822241,Sweden,Europe,November - May,39000,Yes,Yes,Yes,No
211,Whitefish Mountain Resort,48.48108275,-114.3578504,United States,North America,December - April,22600,Yes,Yes,Yes,No
212,Alto Sangro-Roccaraso-?Rivisondoli,41.848167,14.079594,Italy,Europe,December - April,36602,Yes,No,No,No
213,Chamrousse,45.1171487,5.893161879,France,Europe,December - April,24398,Yes,Yes,Yes,No
214,Valberg-?Beuil les Launes,44.0956228,6.9301384,France,Europe,December - April,25940,Yes,Yes,No,No
215,Mt - Hood Meadows,45.338708,-121.6655282,United States,North America,November - April,20603,Yes,Yes,Yes,No
216,Sugar Bowl,42.9932326,-115.2420141,United States,North America,November - April,25544,Yes,Yes,No,No
217,Mammoth Mountain,37.6307692,-119.032634,United States,North America,November - June,54830,Yes,Yes,No,No
218,Telluride,37.9374939,-107.812285,United States,North America,November - April,22638,Yes,Yes,No,No
219,Adelboden-?Lenk-Chuenisba?rgli-?Silleren-?Hahnenmoos-?Metsch,46.4927213,7.5587618,Switzerland,Europe,December - April,34620,Yes,Yes,Yes,No
220,Rinderberg-?Saanerslochgrat-?Horneggli-Zweisimmen-?Saanenmo?ser-?Scho?nried-?St - Stephan,46.9463748,8.0499977,Switzerland,Europe,December - April,18360,Yes,Yes,Yes,No
221,Sugarbush,44.5417138,-73.9698685,United States,North America,November - April,25652,Yes,Yes,No,No
222,Graukogel-Bad Gastein,47.1110862,13.15623357,Austria,Europe,December - March,3352,Yes,No,No,No
223,Marmot Basin-Jasper,52.8005917,-118.0833546,Canada,North America,November - April,11600,Yes,Yes,No,No
224,Les Portes du Mont-Blanc-Combloux-?Mege?ve le Jaillet-?La Giettaz,44.868928,5.594792482,France,Europe,December - April,29842,Yes,No,No,No
225,Purgatory-Durango,37.5558754,-107.7795294,United States,North America,November - April,16700,Yes,Yes,No,No
226,Le Grand Bornand,45.9418675,6.4271457,France,Europe,December - April,36904,Yes,Yes,Yes,No
227,Sunday River,44.4627415,-70.8196141,United States,North America,October - April,29950,Yes,Yes,Yes,No
228,Kaltenbach-Hochzillertal-?Hochfu?gen-SKi-optimal-,47.27705405,11.8486795,Austria,Europe,November - April,59933,Yes,Yes,Yes,No
229,Shigakogen Mountain Resort,36.716356,138.492755,Japan,Asia,December - May,83750,Yes,Yes,Yes,No
230,Grimentz-?Zinal,46.1776631,7.5744978,Switzerland,Europe,December - April,19345,Yes,Yes,No,No
231,Kimberley,49.6850876,-115.9819477,Canada,North America,December - April,5452,Yes,Yes,Yes,No
232,Civetta-Alleghe-?Selva di Cadore-?Palafavera-?Zoldo,46.358117,12.05748586,Italy,Europe,December - April,33289,Yes,Yes,Yes,No
233,Ax les Thermes,42.7193597,1.8379765,France,Europe,December - April,21320,Yes,Yes,No,No
234,Mzaar Kfardebian,33.9721286,35.8395666,Lebanon,Asia,Unknown,0,Yes,No,No,No
235,Yellowstone Club,45.6681984,-111.067446,United States,North America,November - April,14886,Yes,No,No,No
236,Damu?ls Mellau,47.314039,9.894201083,Austria,Europe,December - April,37160,Yes,Yes,No,No
237,Mont Tremblant,46.11588,-74.5891426,Canada,North America,November - April,24700,Yes,Yes,No,No
238,Smugglers' Notch,41.0514432,-85.3239218,United States,North America,November - April,7053,Yes,Yes,No,No
239,Rosa Khutor,43.6709708,40.2970765,Russia,Europe,December - April,49228,Yes,Yes,No,No
240,Zell am See,47.3239636,12.7963165,Austria,Europe,December - April,48407,Yes,Yes,Yes,No
241,Cerler,42.5927404,0.5384221,Spain,Europe,December - April,20670,Yes,Yes,No,No
242,Jay Peak,47.6313713,-120.8295337,United States,North America,Unknown,11675,Yes,No,No,No
243,Three Peaks Dolomites-Helm-?Stiergarten-?Rotwand-?Kreuzbergpass,46.731048,12.327947,Italy,Europe,November - April,21535,Yes,Yes,No,No
244,Puy St - Vincent,44.8279543,6.4926273,France,Europe,December - April,17155,Yes,Yes,Yes,No
245,Angel Fire,36.3930879,-105.2850091,United States,North America,December - March,7200,Yes,Yes,Yes,No
246,Folgaria-?Fiorentini,45.9149727,11.173015,Italy,Europe,December - April,35900,Yes,Yes,No,No
247,Titlis-Engelberg,46.8228773,8.400657035,Switzerland,Europe,October - May,23316,Yes,Yes,No,No
248,Trysil,61.3561472,12.36702596,Norway,Europe,October - May,36182,Yes,Yes,Yes,No
249,Nauders am Reschenpass-Bergkastel,46.87101815,10.53500477,Austria,Europe,December - April,17651,Yes,Yes,No,No
250,Bridger Bowl-Bozeman,45.7032833,-111.0255228,United States,North America,December - April,11900,Yes,Yes,No,No
251,Brian Head,37.6927551,-112.8507766,United States,North America,November - April,13200,Yes,No,Yes,No
252,Grossarltal-?Dorfgastein,47.23837965,13.17939658,Austria,Europe,December - April,29710,Yes,Yes,No,No
253,Thredbo,-36.5047751,148.3057091,Australia,Oceania,June - September,17050,Yes,Yes,No,Yes
254,Stowe,44.4654236,-72.6854695,United States,North America,November - April,20300,Yes,Yes,Yes,No
255,Katschberg,47.0593103,13.615553,Austria,Europe,November - April,26458,Yes,Yes,Yes,No
256,Valfre?jus,45.162254,6.657267525,France,Europe,December - April,15800,Yes,Yes,No,No
257,Savognin,46.596957,9.5981493,Switzerland,Europe,December - April,14000,Yes,Yes,Yes,No
258,Scuol-Motta Naluns,46.811169,10.2726212,Switzerland,Europe,December - April,18000,Yes,Yes,No,No
259,Okemo,43.41769055,-72.69828454,United States,North America,November - April,29050,Yes,Yes,Yes,No
260,Mont-Sainte-Anne-Beaupre?,47.0877219,-70.92606776,Canada,North America,November - April,13200,Yes,Yes,Yes,No
261,North Mountain Resort,48.300619,-117.562991,United States,North America,November - April,8250,Yes,No,No,No
262,Passo San Pellegrino-?Falcade,46.36726075,11.80236956,Italy,Europe,November - April,24030,Yes,Yes,No,No
263,Bear Valley,37.5688237,-120.1193489,United States,North America,December - April,11800,Yes,No,No,No
264,Apex Resort,49.3900432,-119.9047389,Canada,North America,December - April,4720,Yes,Yes,Yes,No
265,Brighton,39.983721,-104.8110775,United States,North America,November - April,13200,Yes,Yes,Yes,No
266,Piau Engaly,42.78020745,0.158613507,France,Europe,November - April,13615,Yes,Yes,No,No
267,Flumserberg,47.0828502,9.276589934,Switzerland,Europe,November - April,30867,Yes,Yes,Yes,No
268,Super Sauze,44.3578176,6.6855952,France,Europe,December - April,17948,Yes,Yes,No,No
269,Bukovel,48.353783,24.41283,Ukraine,Europe,November - May,33839,Yes,Yes,Yes,No
270,La Norma,45.1772565,6.7195145,France,Europe,December - April,13290,Yes,Yes,No,No
271,Mt - Hood Skibowl,45.3018189,-121.7737856,United States,North America,November - April,6500,Yes,Yes,Yes,No
272,Kirkwood,38.5800713,-90.4069177,United States,North America,November - April,21420,Yes,Yes,No,No
273,Red Lodge Mountain,45.1907531,-109.3368732,United States,North America,November - April,10200,Yes,No,No,No
274,Solitude,40.6202462,-111.5919046,United States,North America,November - April,16400,Yes,No,No,No
275,Pal-?Arinsal-La Massana-Vallnord-,42.55464075,1.448789398,Andorra,Europe,December - April,37400,Yes,Yes,No,No
276,Arabba,46.4971763,11.8740902,Italy,Europe,December - April,43973,Yes,Yes,No,No
277,Wildkogel-Neukirchen-?Bramberg,47.2743375,12.29774135,Austria,Europe,December - April,27388,Yes,Yes,Yes,No
278,Alyeska Resort-Girdwood,60.96188655,-149.0808696,United States,North America,November - April,11200,Yes,No,Yes,No
279,Hintertux Glacier,47.061277,11.665036,Austria,Europe,Year-round,38852,Yes,Yes,No,Yes
280,Disentis,46.7041748,8.8549785,Switzerland,Europe,December - April,10990,Yes,Yes,No,No
281,Belalp-Blatten,46.3648823,7.9796899,Switzerland,Europe,December - April,13640,Yes,Yes,No,No
282,San Martino di Castrozza,46.2623377,11.802828,Italy,Europe,November - April,29859,Yes,Yes,Yes,No
283,Meiringen-Hasliberg,46.7468975,8.219472173,Switzerland,Europe,December - April,16381,Yes,No,Yes,No
284,Toggenburg-Wildhaus-?Unterwasser-?Alt St - Johann,47.180949,9.32019222,Switzerland,Europe,December - April,19956,Yes,Yes,Yes,No
285,Alpe di Siusi-Seiser Alm-,46.5639036,11.60457618,Italy,Europe,December - April,35624,Yes,Yes,No,No
286,Le Lioran,45.0912003,2.7503788,France,Europe,December - April,25195,Yes,Yes,Yes,No
287,Saint Luc-?Chandolin-Anniviers-,46.236536,7.627631245,Switzerland,Europe,December - April,10350,Yes,Yes,No,No
288,Les Karellis,45.2285712,6.4064649,France,Europe,December - April,17452,Yes,Yes,No,No
289,Peyragudes,42.7807436,0.45611311,France,Europe,December - April,22791,Yes,Yes,No,No
290,Leysin,46.3438701,7.0148403,Switzerland,Europe,December - April,12980,Yes,Yes,No,No
291,Gudauri,42.4765577,44.4770286,Georgia,Asia,December - April,15400,Yes,Yes,Yes,No
292,Mount Snow,42.9589685,-72.9237112,United States,North America,November - April,27000,Yes,Yes,No,No
293,Mount Washington,49.7528282,-125.2963912,Canada,North America,December - April,11620,Yes,Yes,Yes,No
294,Ponte di Legno-Passo ?Tonale-?Presena Glacier-?Temu?-Pontedilegno-Tonale-,46.258603,10.508662,Italy,Europe,October - May,49825,Yes,Yes,Yes,No
295,Gore Mountain,40.2235948,-106.6575409,United States,North America,November - April,21000,Yes,Yes,No,No
296,Eggli-?La Videmanette-Gstaad-?Saanen-?Rougemont,47.291778,9.1733641,Switzerland,Europe,December - March,15363,Yes,No,No,No
297,Anze?re,46.2970711,7.3989488,Switzerland,Europe,December - April,12462,Yes,Yes,No,No
298,Borovets,42.2668301,23.6074324,Bulgaria,Europe,December - April,15800,Yes,Yes,Yes,No
299,Font-Romeu-?Bolque?re Pyre?ne?es,42.5043981,2.0715162,France,Europe,December - April,27378,Yes,Yes,No,No
300,Oppdal,62.53517845,9.62330412,Norway,Europe,Unknown,0,Yes,No,No,No
301,Bre?vent-?Fle?ge?re-Chamonix-,45.9479384,6.868594877,France,Europe,December - April,26734,Yes,Yes,No,No
302,Bretton Woods,44.2576311,-71.4413006,United States,North America,November - April,15406,Yes,Yes,Yes,No
303,Les Houches-?Saint-Gervais-Prarion-?Bellevue-Chamonix-,45.891508,6.799138,France,Europe,December - April,19859,Yes,Yes,No,No
304,Ylla?s,67.5647092,24.2246252,Finland,Europe,November - May,28284,Yes,Yes,Yes,No
305,Belvedere-?Col Rodella-?Ciampac-?Buffaure-Canazei-?Campitello-?Alba-?Pozza di Fassa,45.6850704,11.7729604,Italy,Europe,December - April,56216,Yes,Yes,Yes,No
306,Revelstoke Mountain Resort,50.9692628,-118.1092086,Canada,North America,December - April,9200,Yes,Yes,No,No
307,Lauchernalp-Lo?tschental,46.41274665,7.774925326,Switzerland,Europe,April,6800,Yes,Yes,No,No
308,Grossglockner Heiligenblut,47.0745464,12.6938826,Austria,Europe,December - April,12500,Yes,No,No,No
309,Brandnertal-Brand-?Bu?rserberg,47.119176,9.7578764,Austria,Europe,December - April,18963,Yes,Yes,Yes,No
310,Alpe du Grand-Serre-La Morte,45.0274177,5.8581966,France,Europe,December - March,13486,Yes,Yes,No,No
311,Les Angles,43.0835762,0.0062129,France,Europe,November - April,21787,Yes,Yes,Yes,No
312,Kopaonik,43.2689885,20.826741,Serbia,Europe,December - April,35052,Yes,Yes,Yes,No
313,Aussois,45.2275415,6.7413988,France,Europe,December - April,9228,Yes,Yes,No,No
314,Apache,35.214632,-109.4786676,United States,North America,Unknown,15800,Yes,No,No,No
315,Erciyes-Kayseri,38.5327397,35.4502248,Turkey,Asia,December - April,23800,Yes,No,No,No
316,Hunter Mountain,42.1778662,-74.2304216,United States,North America,Unknown,15910,Yes,No,No,No
317,First-Grindelwald,46.6504815,8.065073279,Switzerland,Europe,December - March,12720,Yes,Yes,No,No
318,So?renberg-Rothorn-?Dorf,46.8221657,8.0349311,Switzerland,Europe,December - April,20930,Yes,Yes,Yes,No
319,Riserva Bianca-Limone Piemonte,44.1853305,7.581660887,Italy,Europe,December - April,20655,Yes,No,No,No
320,Eldora Mountain,37.3862661,-122.0726046,United States,North America,November - April,13020,Yes,Yes,Yes,No
321,Donner Ski Ranch,39.3188801,-120.331067,United States,North America,December - April,6500,Yes,No,No,No
322,Las Len?as,-35.1455071,-70.0820619,Argentina,South America,June - September,13340,Yes,Yes,Yes,Yes
323,Happo-One-Hakuba,36.7035607,137.8226173,Japan,Asia,December - May,29100,Yes,Yes,Yes,No
324,Gitschberg Jochtal,46.82666885,11.6645207,Italy,Europe,December - April,23617,Yes,Yes,No,No
325,Schilthorn-Mu?rren-?Lauterbrunnen,46.55744425,7.892432481,Switzerland,Europe,December - April,13852,Yes,Yes,No,No
326,Dachstein West,47.5149184,13.4498696,Austria,Europe,December - April,32938,Yes,Yes,Yes,No
327,Cypress Mountain,49.3976802,-123.2011443,Canada,North America,November - April,10300,Yes,Yes,Yes,No
328,Pila,45.7699441,8.0810802,Italy,Europe,November - April,22154,Yes,Yes,No,No
329,Brigels-?Waltensburg-?Andiast,46.7700497,9.067384,Switzerland,Europe,December - March,10030,Yes,Yes,Yes,No
330,Aprica,46.152697,10.151656,Italy,Europe,November - May,13965,Yes,Yes,No,No
331,Bormio-Cima Bianca,46.4397574,10.3924531,Italy,Europe,November - April,17630,Yes,Yes,Yes,No
332,Sedrun-Oberalp,46.6652022,8.704905479,Switzerland,Europe,November - April,12100,Yes,Yes,No,No
333,Grosseck-?Speiereck-Mauterndorf-?St - Michael,47.1217604,13.64406919,Austria,Europe,December - April,14286,Yes,No,Yes,No
334,Hirmentaz-?Les Habe?res-Bellevaux-?Habe?re-Poche,46.2511455,6.517806672,France,Europe,December - March,29480,Yes,Yes,No,No
335,Pragelato,45.0162171,6.9424531,Italy,Europe,December - April,3660,Yes,No,No,No
336,Porte? Puymorens,42.5488878,1.833462,France,Europe,September - April,7380,Yes,Yes,No,No
337,Mythenregion,47.0217081,8.723539208,Switzerland,Europe,December - March,12592,Yes,Yes,No,No
338,Candanchu?,42.78888865,-0.52873445,Spain,Europe,December - April,19650,Yes,No,No,No
339,Zugspitze,47.421215,10.986297,Germany,Europe,May,13150,Yes,No,No,No
340,Zao Onsen,38.1679266,140.4003442,Japan,Asia,December - May,50000,Yes,Yes,No,No
341,Lindvallen-?Ho?gfja?llet-Sa?len-,61.159705,13.193609,Sweden,Europe,November - May,50505,Yes,Yes,Yes,No
342,Jasna? Ni?zke Tatry-Chopok,48.966941,19.58101661,Slovakia,Europe,December - May,35225,Yes,Yes,Yes,No
343,Mitsumata-?Kagura-?Tashiro-Mt - Naeba-,36.3937327,139.0890263,Japan,Asia,November - May,31400,Yes,Yes,No,No
344,Tanda?dalen-?Hundfja?llet-Sa?len-,61.1792462,12.9919443,Sweden,Europe,November - May,42636,Yes,Yes,Yes,No
345,Appi Kogen,40.0123954,140.9976755,Japan,Asia,Unknown,23800,Yes,No,No,No
346,Gazprom Mountain Resort-Laura-– Esto-Sadok-Sotschi-,43.684855,40.281935,Russia,Europe,December - April,27874,Yes,No,Yes,No
347,Rusutsu,42.7374243,140.8754821,Japan,Asia,November - April,31128,Yes,Yes,Yes,No
348,Steinplatte-?Winklmoosalm-Waidring-?Reit im Winkl,48.7329198,15.5705666,Austria,Europe,November - April,31940,Yes,Yes,No,No
349,Uludag?-Bursa,40.0705295,29.2220098,Turkey,Asia,Unknown,19637,Yes,Yes,No,No
350,Rigi,47.0567184,8.4853157,Switzerland,Europe,Unknown,6500,Yes,No,No,No
351,Me?tabief,46.7734907,6.3505765,France,Europe,Unknown,24745,Yes,No,No,No
352,Vitosha-Sofia,42.6167377,23.27422928,Bulgaria,Europe,December - April,12450,Yes,No,Yes,No
353,Latemar-Obereggen-?Pampeago-?Predazzo,46.3563067,11.53719305,Italy,Europe,November - April,36540,Yes,Yes,Yes,No
354,Szczyrk-Skrzyczne,49.7071204,19.0117088,Poland,Europe,December - April,22500,Yes,No,No,No
355,Mariborsko Pohorje-Maribor,46.5153389,15.5782311,Slovenia,Europe,December - March,23436,Yes,No,Yes,No
356,El Colorado-?Farellones,-33.3398691,-70.2915752,Chile,South America,June - October,21500,Yes,Yes,No,Yes
357,Praz de Lys-?Sommand-Taninges-?Mieussy-,46.15746735,6.569485327,France,Europe,December - April,26205,Yes,Yes,No,No
358,Jahorina,43.7233441,18.59622766,Bosnia and Herzegovina,Europe,Unknown,16230,Yes,No,Yes,No
359,Espace Do?le-La Do?le-?Les Tuffes,47.0944134,5.492668685,France,Europe,December - March,19380,Yes,Yes,No,No
360,Myoko Akakura,36.89304245,138.1795517,Japan,Asia,Unknown,37400,Yes,Yes,Yes,No
361,Naeba-Mt - Naeba-,36.8459419,138.690323,Japan,Asia,December - April,25400,Yes,Yes,Yes,No
362,Nozawa Onsen,36.91722415,138.4640226,Japan,Asia,November - April,29772,Yes,Yes,Yes,No
363,Kreischberg,47.0634486,14.03933,Austria,Europe,December - April,18808,Yes,Yes,No,No
364,Garmisch-Classic-Garmisch-Partenkirchen,47.4596073,11.07616628,Germany,Europe,December - April,21090,Yes,Yes,No,No
365,Carezza Ski,46.42089735,11.58845807,Italy,Europe,December - April,19200,Yes,Yes,No,No
366,Pizol-Bad Ragaz-?Wangs,46.979739,9.436717,Switzerland,Europe,December - April,12786,Yes,Yes,Yes,No
367,SuperBesse-Puy de Sancy,45.506646,2.8594,France,Europe,December - April,21245,Yes,Yes,Yes,No
368,Sto?ten,61.2660478,12.8904555,Sweden,Europe,Unknown,19250,Yes,No,No,No
369,Palando?ken-Ejder,39.5430157,42.9152472,Turkey,Asia,November - April,15390,Yes,Yes,Yes,No
370,Fellhorn-?Kanzelwand-Oberstdorf-?Riezlern,47.6099906,12.5088699,Austria,Europe,December - April,22076,Yes,Yes,Yes,No
371,Idre Fja?ll,61.8896064,12.8330743,Sweden,Europe,October - April,24760,Yes,Yes,Yes,No
372,Großglockner Resort Kals-Matrei,47.009935,12.6232,Austria,Europe,December - April,18276,Yes,Yes,No,No
373,Pamporovo,41.64619295,24.67356329,Bulgaria,Europe,December - April,14266,Yes,Yes,Yes,No
374,Abetone-?Val di Luce,44.1314375,10.6306384,Italy,Europe,December - April,24056,Yes,Yes,No,No
375,Gerlitzen,46.69476,13.9143318,Austria,Europe,December - April,22220,Yes,Yes,No,No
376,Paganella-Andalo,46.1572963,11.00551108,Italy,Europe,November - April,23996,Yes,Yes,Yes,No
377,Melchsee-Frutt-Kerns-,46.77452445,8.271634234,Switzerland,Europe,December - April,14150,Yes,Yes,Yes,No
378,Vall de Nu?ria,42.3944498,2.1549868,Spain,Europe,Unknown,4840,Yes,No,No,No
379,Are?ches-Beaufort-,45.66298915,6.566319098,France,Europe,December - April,14462,Yes,Yes,No,No
380,S?pindleru?v Mly?n,50.7256448,15.6067567,Czech Republic,Europe,December - April,21638,Yes,Yes,Yes,No
381,Les Mosses-?La Le?cherette,46.3960939,7.1018391,Switzerland,Europe,December - April,10540,Yes,No,No,No
382,Dizin,36.0508147,51.4155456,Iran,Asia,November - May,18760,Yes,Yes,No,No
383,Gala Yuzawa-?Ishiuchi Maruyama,36.9502508,138.7995543,Japan,Asia,December - May,39400,Yes,Yes,Yes,No
384,YongPyong Resort,37.645906,128.681814,South Korea,Asia,November - April,27400,Yes,No,Yes,No
385,Cimone-Montecreto-?Sestola-?Le Polle,45.97985,11.0630167,Italy,Europe,November - April,23746,Yes,Yes,No,No
386,Luchon Superbagne?res,42.768303,0.5780217,France,Europe,December - April,15965,Yes,Yes,No,No
387,High Resort,37.207294,128.824816,South Korea,Asia,December - April,26685,Yes,No,No,No
388,La Parva,-33.3355943,-70.2899972,Chile,South America,June - October,13740,Yes,Yes,No,Yes
389,Le?lex-?Crozet,46.3026091,5.9407475,France,Europe,December - March,16750,Yes,Yes,No,No
390,Alpika Service,43.667196,40.246821,Russia,Europe,December - April,18120,Yes,No,No,No
391,Sinaia,45.3456607,25.5479283,Romania,Europe,Unknown,9864,Yes,No,No,No
392,Furano,43.3419744,142.383188,Japan,Asia,November - May,12650,Yes,Yes,Yes,No
393,Gourette-Eaux Bonnes-,42.9438107,-0.3291295,France,Europe,December - April,19660,Yes,Yes,No,No
394,Whiteface-Lake Placid,44.36586225,-73.83531534,United States,North America,November - April,14200,Yes,Yes,No,No
395,Rauriser Hochalmbahnen-Rauris,47.223392,12.990109,Austria,Europe,December - April,11927,Yes,Yes,No,No
396,Hoch-Ybrig-Unteriberg-?Oberiberg,47.01175015,8.787310015,Switzerland,Europe,December - April,16650,Yes,Yes,No,No
397,Meran,46.6655583,11.3071256,Italy,Europe,December - March,9478,Yes,Yes,No,No
398,Na?tschen-Andermatt,46.65201925,8.622667027,Switzerland,Europe,December - March,13600,Yes,No,No,No
399,Hoshino Resorts Tomamu,43.065765,142.63264,Japan,Asia,Unknown,12400,Yes,No,No,No
400,Albiez-Montrond,45.2174088,6.340903,France,Europe,December - April,10432,Yes,No,No,No
401,Tarvisio-Monte Lussari,46.4817326,13.5208066,Italy,Europe,December - April,17354,Yes,Yes,Yes,No
402,Mount Parnassos-Fterolakka-?Kellaria,38.547732,22.589641,Greece,Europe,Unknown,20052,Yes,No,No,No
403,Moelltal Glacier-Mo?lltaler Gletscher-,46.980483,13.050646,Austria,Europe,June - May,15610,Yes,Yes,No,Yes
404,Wendelstein-Brannenburg-?Osterhofen,49.3559425,11.1441047,Germany,Europe,December - March,3250,Yes,No,No,No
405,Glenshee,56.7410308,-3.3999352,United Kingdom,Europe,December - April,16255,Yes,No,No,No
406,Sulden am Ortler-Solda all'Ortles-,46.5090706,10.59678748,Italy,Europe,November - May,15418,Yes,Yes,Yes,No
407,The Summit at Snoqualmie,47.424462,-121.417071,United States,North America,December - April,30400,Yes,Yes,Yes,No
408,Poiana Bras?ov,45.5967098,25.5561895,Romania,Europe,December - April,11038,Yes,No,Yes,No
409,Hinterstoder-Ho?ss,47.66612225,14.17403784,Austria,Europe,December - April,18464,Yes,Yes,No,No
410,St - Jean Montclar,44.411775,6.3510526,France,Europe,December - April,13320,Yes,No,No,No
411,Port del Comte,42.1694417,1.5696298,Spain,Europe,Unknown,13750,Yes,No,No,No
412,Ta?nndalen,62.5423638,12.3360263,Sweden,Europe,Unknown,19270,Yes,No,No,No
413,Feldberg-Seebuck-?Grafenmatt-?Fahl,47.86345025,8.070282232,Germany,Europe,December - April,17624,Yes,Yes,No,No
414,Pitztal Glacier-Pitztaler Gletscher-,46.926915,10.87096,Austria,Europe,September - May,10935,Yes,Yes,No,No
415,Kiroro,34.7525668,135.4329789,Japan,Asia,Unknown,13800,Yes,No,Yes,No
416,Tauplitz-Bad Mitterndorf,47.57728095,13.98478445,Austria,Europe,December - April,18525,Yes,No,No,No
417,Hochoetz-Oetz,47.22172465,11.02137443,Austria,Europe,December - April,17422,Yes,Yes,No,No
418,Rosshu?tte-Seefeld,47.330727,11.1998705,Austria,Europe,December - April,12363,Yes,Yes,Yes,No
419,Malbun,47.102619,9.6083069,Liechtenstein,Europe,December - April,8800,Yes,Yes,No,No
420,S?pic?a?k,50.2975226,17.0116784,Czech Republic,Europe,December - April,7390,Yes,Yes,Yes,No
421,Riesneralm-Donnersbachwald,47.37659935,14.10532135,Austria,Europe,December - April,6880,Yes,No,No,No
422,Berwang-?Bichlbach-?Rinnen,47.4131478,10.74173242,Austria,Europe,December - April,15623,Yes,No,Yes,No
423,Glungezer-Tulfes,47.2075977,11.5283837,Austria,Europe,December - April,7116,Yes,Yes,No,No
424,Fanningberg,47.1489018,13.6932252,Austria,Europe,December - April,7162,Yes,Yes,No,No
425,Tamarack Resort,44.6700061,-116.1225024,United States,North America,December - April,8700,Yes,Yes,No,No
426,Turracher Ho?he,46.91448535,13.87352444,Austria,Europe,November - May,18268,Yes,Yes,Yes,No
427,Indoor ski area Snow Arena-Druskininkai,54.03173,23.960042,Lithuania,Europe,Year-round,2800,Yes,Yes,Yes,Yes
428,Niedere-Andelsbuch-?Bezau,47.4002902,9.9376361,Austria,Europe,December - March,6043,Yes,No,No,No
429,Summit Ski Area at Mt - Hood,45.303419,-121.745667,United States,North America,December - April,1200,Yes,No,No,No
430,Wurzeralm-Spital am Pyhrn,47.6279977,14.3162785,Austria,Europe,December - April,9048,Yes,No,No,No
431,Pra?bichl-Vordernberg,47.5208498,14.9512205,Austria,Europe,December - April,6624,Yes,Yes,No,No
432,Pfelders-Moos in Passeier-,46.7952778,11.0895074,Italy,Europe,December - April,4300,Yes,Yes,Yes,No
433,Mitterdorf-Almberg-– Mitterfirmiansreut,48.888874,13.643595,Germany,Europe,December - March,6266,Yes,No,Yes,No
434,Lavarone,45.94128935,11.28863808,Italy,Europe,December - April,12040,Yes,No,No,No
435,Bolton Valley,39.3455111,-78.7571921,United States,North America,December - April,7200,Yes,Yes,Yes,No
436,Geißkopf-Bischofsmais,48.9240769,13.0374226,Germany,Europe,December - March,6950,Yes,Yes,Yes,No
437,Donovaly-Park Snow-,48.8878953,19.2468587,Slovakia,Europe,Unknown,13620,Yes,Yes,Yes,No
438,Kobla-Bohinj,46.2338617,13.9650643,Slovenia,Europe,December - March,5720,Yes,No,No,No
439,Sudelfeld-Bayrischzell,47.6717401,12.04163164,Germany,Europe,Unknown,17477,Yes,Yes,No,No
440,Gru?ntenlifte-Kranzegg-Rettenberg-,47.5824873,10.3212662,Germany,Europe,December - April,7420,Yes,Yes,No,No
441,Grebenzen-St - Lambrecht,47.0536954,14.33034179,Austria,Europe,December - March,6790,Yes,No,No,No
442,Kirchdorf,47.57562605,12.38734435,Austria,Europe,December - March,3570,Yes,No,No,No
443,Nebelhorn-Oberstdorf,47.4218727,10.3423461,Germany,Europe,December - May,5990,Yes,No,No,No
444,Lachtal,47.2524874,14.3682392,Austria,Europe,December - April,10620,Yes,No,No,No
445,Ramsau am Dachstein-Rittisberg,47.4185564,13.5929847,Austria,Europe,December - March,10815,Yes,No,No,No
446,Bu?rchen-?To?rbel-Moosalp,46.251276,7.829707,Switzerland,Europe,December - March,7470,Yes,No,Yes,No
447,Guzet,42.7762455,1.3131615,France,Europe,December - March,11130,Yes,Yes,No,No
448,Montage Mountain Resort,41.349713,-75.662134,United States,North America,December - March,8800,Yes,Yes,Yes,No
449,Schetteregg-Egg,47.4167682,9.9826655,Austria,Europe,November - March,6642,Yes,Yes,No,No
450,Fichtelberg-Oberwiesenthal,50.4291364,12.9547281,Germany,Europe,December - April,7384,Yes,Yes,Yes,No
451,Bellwald,46.4237017,8.1599477,Switzerland,Europe,December - April,4620,Yes,Yes,No,No
452,Klewenalp-?Stockhu?tte-Beckenried-?Emmetten,46.9391136,8.4741614,Switzerland,Europe,December - April,13394,Yes,No,No,No
453,Scho?neck-Skiwelt-,50.2056,8.83333,Germany,Europe,December - March,4324,Yes,Yes,Yes,No
454,Bia?ka Tatrzan?ska-Kotelnica-?Kanio?wka-?Bania,49.3946417,20.1050528,Poland,Europe,December - April,28020,Yes,Yes,Yes,No
455,S?trbske? Pleso,49.1191897,20.063955,Slovakia,Europe,December - April,7700,Yes,Yes,No,No
456,Gaissau-Hintersee,47.7147891,13.23800875,Austria,Europe,March,10110,Yes,Yes,No,No
457,Sandia Peak,35.2100445,-106.4496496,United States,North America,Unknown,4000,Yes,No,No,No
458,Kellerjoch-Schwaz,47.3302137,11.71804485,Austria,Europe,April,3786,Yes,No,No,No
459,Aillons-Marge?riaz,45.60283055,6.098268696,France,Europe,Unknown,10025,Yes,No,No,No
460,Hochrindl-Sirnitz,46.8226776,14.0524733,Austria,Europe,December - March,7350,Yes,Yes,Yes,No
461,La Bresse-Hohneck,48.03400165,6.983339743,France,Europe,December,21515,Yes,No,Yes,No
462,Silbersattel-Steinach,50.4399275,11.1511781,Germany,Europe,December - April,3300,Yes,Yes,No,No
463,Gornaya Karusel,43.683048,40.266475,Russia,Europe,December - April,15740,Yes,No,No,No
464,Lammeralm-Langenwang,47.60520455,15.58475687,Austria,Europe,December - March,2800,Yes,No,No,No
465,Kitzbu?heler Horn,47.476123,12.4297939,Austria,Europe,December - April,10110,Yes,Yes,No,No
466,Myrkdalen,60.8420056,6.4666278,Norway,Europe,November - May,10279,Yes,Yes,Yes,No
467,Shymbulak-Chimbulak-,43.1388747,77.0710684,Kazakhstan,Asia,Unknown,8790,Yes,No,No,No
468,Loser-Altaussee,47.6607391,13.7710285,Austria,Europe,December - April,11114,Yes,Yes,No,No
469,Christlum-Achenkirch,47.50747545,11.67908871,Austria,Europe,December - April,12843,Yes,Yes,No,No
470,Grasgehren-Bolgengrat,47.4425742,10.1761213,Germany,Europe,November - April,5140,Yes,Yes,No,No
471,Crystal Mountain-WA-,46.9281666,-121.504535,United States,North America,November - May,20500,Yes,Yes,No,No
472,Go?tschen-Bischofswiesen,47.6495716,12.9380903,Germany,Europe,December - April,4000,Yes,No,Yes,No
473,Torrent-Leukerbad,46.3728566,7.6541765,Switzerland,Europe,December - April,11390,Yes,Yes,No,No
474,Monte Popolo-Eben im Pongau,47.4041442,13.41875165,Austria,Europe,December - April,4550,Yes,Yes,No,No
475,Sun Mountain-Yabuli,44.9293976,128.6043934,China,Asia,November - April,13776,Yes,No,No,No
476,Jochgrimm-Passo Oclini-,46.3473164,11.4515353,Italy,Europe,December - April,3540,Yes,No,No,No
477,Alpe Lusia-Moena-?Bellamonte,46.3390273,11.70654171,Italy,Europe,December - April,16280,Yes,Yes,No,No
478,Unternberg-Ruhpolding-,47.7293144,12.6401193,Germany,Europe,December - March,3350,Yes,No,Yes,No
479,Diavolezza-?Lagalb,46.429214,9.977345144,Switzerland,Europe,October - November - December - May - June - October,3970,Yes,No,No,Yes
480,Kubi?nska hol?a,49.2852625,19.26742095,Slovakia,Europe,December - April,11480,Yes,Yes,No,No
481,Stevens Pass,47.7456352,-121.089171,United States,North America,December - April,17110,Yes,Yes,Yes,No
482,Ga?la?,61.5058146,9.7847118,Norway,Europe,November - April,7600,Yes,Yes,Yes,No
483,Kvitfjell,58.6834043,9.0280158,Norway,Europe,October - May,17952,Yes,Yes,Yes,No
484,Molines-en-Queyras-?Saint-Ve?ran,44.7122166,6.870256556,France,Europe,December - April,12290,Yes,No,No,No
485,Tatranska? Lomnica,49.1655267,20.2791933,Slovakia,Europe,December - April,12480,Yes,No,No,No
486,Mt - Dobson,-43.9218555,169.757177,New Zealand,Oceania,July - October,3660,Yes,No,No,Yes
487,Kanin-Sella Nevea-?Bovec,46.3649708,13.48181712,Slovenia,Europe,December - April,11670,Yes,No,No,No
488,Postwiesen Skidorf-Neuastenberg,51.188476,8.518201,Germany,Europe,December - March,6762,Yes,Yes,Yes,No
489,Kaiseregg-?Riggisalp-Schwarzsee,46.6524972,7.3190559,Switzerland,Europe,December - March,5790,Yes,Yes,Yes,No
490,St - Pierre de Chartreuse-Le Planolet,45.3422689,5.8146864,France,Europe,December - April,12610,Yes,No,No,No
491,Loon Mountain,44.5164518,-74.6496253,United States,North America,November - April,17034,Yes,Yes,No,No
492,Oberjoch-Bad Hindelang–- Iseler,47.5087114,10.4087222,Germany,Europe,December - April,12388,Yes,Yes,Yes,No
493,Mo?nichkirchen-?Mariensee,47.5235306,15.99868228,Austria,Europe,March,6741,Yes,Yes,No,No
494,Gra?chen,46.1960178,7.8421612,Switzerland,Europe,December - April,13860,Yes,No,No,No
495,Puigmal,42.3950066,2.1088833,France,Europe,Unknown,11865,Yes,No,No,No
496,Kranzberg-Mittenwald,47.4513588,11.2286303,Germany,Europe,December,5850,Yes,Yes,Yes,No
497,Wetterstein lifts-Wettersteinbahnen–- Ehrwald,47.406897,10.927998,Austria,Europe,December - March,5425,Yes,Yes,No,No
498,Stuhleck-Spital am Semmering,47.5741948,15.7899645,Austria,Europe,April,14400,Yes,Yes,Yes,No
499,Le Massif,47.2759,-70.6259857,Canada,North America,December - April,11759,Yes,Yes,No,No
